INITIALIZATION
CREATE TABLE insert_table(id int, t_name char, col1 int, col2 int);
SUCCESS

1. INSERT
INSERT INTO insert_table VALUES (1,'N1',1,1);
SUCCESS
INSERT INTO insert_table VALUES (2,'N2',1,1),(3,'N3',2,1);
SUCCESS

2. ERROR
INSERT INTO insert_table VALUES (4,'N4',1,1),(1,1,1);
FAILURE
INSERT INTO insert_table VALUES (4,'N4',1,1),(1,1,1,1);
FAILURE

3. SELECT
SELECT * FROM insert_table;
1 | N1 | 1 | 1
2 | N2 | 1 | 1
3 | N3 | 2 | 1
ID | T_NAME | COL1 | COL2
