1. CREATE TABLE
create table t_order_by(id int, score float, name char);
SUCCESS
create table t_order_by_2(id int, age int);
SUCCESS

2. INSERT RECORDS
insert into t_order_by values(3, 1.0, 'a');
SUCCESS
insert into t_order_by values(1, 2.0, 'b');
SUCCESS
insert into t_order_by values(4, 3.0, 'c');
SUCCESS
insert into t_order_by values(3, 2.0, 'c');
SUCCESS
insert into t_order_by values(3, 4.0, 'c');
SUCCESS
insert into t_order_by values(3, 3.0, 'd');
SUCCESS
insert into t_order_by values(3, 2.0, 'f');
SUCCESS

insert into t_order_by_2 values(1, 10);
SUCCESS
insert into t_order_by_2 values(2, 20);
SUCCESS
insert into t_order_by_2 values(3, 10);
SUCCESS
insert into t_order_by_2 values(3, 20);
SUCCESS
insert into t_order_by_2 values(3, 40);
SUCCESS
insert into t_order_by_2 values(4, 20);
SUCCESS

3. PRIMARY ORDER BY
select * from t_order_by order by id;
1 | 2 | B
3 | 1 | A
3 | 2 | C
3 | 2 | F
3 | 3 | D
3 | 4 | C
4 | 3 | C
ID | SCORE | NAME

select * from t_order_by order by id asc;
1 | 2 | B
3 | 1 | A
3 | 2 | C
3 | 2 | F
3 | 3 | D
3 | 4 | C
4 | 3 | C
ID | SCORE | NAME

select * from t_order_by order by id desc;
1 | 2 | B
3 | 1 | A
3 | 2 | C
3 | 2 | F
3 | 3 | D
3 | 4 | C
4 | 3 | C
ID | SCORE | NAME

select * from t_order_by order by score desc;
1 | 2 | B
3 | 1 | A
3 | 2 | C
3 | 2 | F
3 | 3 | D
3 | 4 | C
4 | 3 | C
ID | SCORE | NAME

select * from t_order_by order by name desc;
1 | 2 | B
3 | 1 | A
3 | 2 | C
3 | 2 | F
3 | 3 | D
3 | 4 | C
4 | 3 | C
ID | SCORE | NAME

4. ORDER BY MORE THAN ONE FIELDS
select * from t_order_by order by id, score, name;
ID | SCORE | NAME
1 | 2 | B
3 | 1 | A
3 | 2 | C
3 | 2 | F
3 | 3 | D
3 | 4 | C
4 | 3 | C

select * from t_order_by order by id desc, score asc, name desc;
ID | SCORE | NAME
4 | 3 | C
3 | 1 | A
3 | 2 | F
3 | 2 | C
3 | 3 | D
3 | 4 | C
1 | 2 | B

5. ORDER BY ASSOCIATE WITH WHERE CONDITION
select * from t_order_by where id=3 and name>='a' order by score desc, name;
ID | SCORE | NAME
3 | 4 | C
3 | 3 | D
3 | 2 | C
3 | 2 | F
3 | 1 | A

6. MULTI-TABLE ORDER BY
select * from t_order_by,t_order_by_2 order by t_order_by.id,t_order_by.score,t_order_by.name,t_order_by_2.id,t_order_by_2.age;
T_ORDER_BY.ID | T_ORDER_BY.SCORE | T_ORDER_BY.NAME | T_ORDER_BY_2.ID | T_ORDER_BY_2.AGE
1 | 2 | B | 1 | 10
1 | 2 | B | 2 | 20
1 | 2 | B | 3 | 10
1 | 2 | B | 3 | 20
1 | 2 | B | 3 | 40
1 | 2 | B | 4 | 20
3 | 1 | A | 1 | 10
3 | 1 | A | 2 | 20
3 | 1 | A | 3 | 10
3 | 1 | A | 3 | 20
3 | 1 | A | 3 | 40
3 | 1 | A | 4 | 20
3 | 2 | C | 1 | 10
3 | 2 | C | 2 | 20
3 | 2 | C | 3 | 10
3 | 2 | C | 3 | 20
3 | 2 | C | 3 | 40
3 | 2 | C | 4 | 20
3 | 2 | F | 1 | 10
3 | 2 | F | 2 | 20
3 | 2 | F | 3 | 10
3 | 2 | F | 3 | 20
3 | 2 | F | 3 | 40
3 | 2 | F | 4 | 20
3 | 3 | D | 1 | 10
3 | 3 | D | 2 | 20
3 | 3 | D | 3 | 10
3 | 3 | D | 3 | 20
3 | 3 | D | 3 | 40
3 | 3 | D | 4 | 20
3 | 4 | C | 1 | 10
3 | 4 | C | 2 | 20
3 | 4 | C | 3 | 10
3 | 4 | C | 3 | 20
3 | 4 | C | 3 | 40
3 | 4 | C | 4 | 20
4 | 3 | C | 1 | 10
4 | 3 | C | 2 | 20
4 | 3 | C | 3 | 10
4 | 3 | C | 3 | 20
4 | 3 | C | 3 | 40
4 | 3 | C | 4 | 20

select * from t_order_by, t_order_by_2 where t_order_by.id=t_order_by_2.id order by t_order_by.score desc, t_order_by_2.age asc, t_order_by.id asc, t_order_by.name;
T_ORDER_BY.ID | T_ORDER_BY.SCORE | T_ORDER_BY.NAME | T_ORDER_BY_2.ID | T_ORDER_BY_2.AGE
3 | 4 | C | 3 | 10
3 | 4 | C | 3 | 20
3 | 4 | C | 3 | 40
3 | 3 | D | 3 | 10
3 | 3 | D | 3 | 20
4 | 3 | C | 4 | 20
3 | 3 | D | 3 | 40
1 | 2 | B | 1 | 10
3 | 2 | C | 3 | 10
3 | 2 | F | 3 | 10
3 | 2 | C | 3 | 20
3 | 2 | F | 3 | 20
3 | 2 | C | 3 | 40
3 | 2 | F | 3 | 40
3 | 1 | A | 3 | 10
3 | 1 | A | 3 | 20
3 | 1 | A | 3 | 40
